{
  "timestamp": "20250601_185015",
  "solver": "chuffed",
  "n_values": [
    6,
    8,
    10,
    12,
    14
  ],
  "timeout": 300,
  "template_file": "template_model_test.mzn",
  "results": {
    "04_first_match": {
      "6": 0.24677491188049316,
      "8": 0.2128598690032959,
      "10": 0.31835103034973145,
      "12": "TIMEOUT",
      "14": "SKIP"
    },
    "05_week_symmetry": {
      "6": 0.24034380912780762,
      "8": 0.34104132652282715,
      "10": 0.869948148727417,
      "12": 32.56676006317139,
      "14": "TIMEOUT"
    },
    "06_team_symmetry": {
      "6": 0.22581887245178223,
      "8": 0.3110039234161377,
      "10": 1.325242042541504,
      "12": 28.389539003372192,
      "14": "TIMEOUT"
    },
    "07_strong_team_symmetry": {
      "6": 0.20893502235412598,
      "8": 0.27220606803894043,
      "10": 1.816481113433838,
      "12": 21.031804084777832,
      "14": "TIMEOUT"
    },
    "08_with_fairness": {
      "6": 0.21486783027648926,
      "8": 0.2773449420928955,
      "10": 0.8705959320068359,
      "12": 3.2294440269470215,
      "14": "TIMEOUT"
    },
    "09_carry_over": {
      "6": 0.21723604202270508,
      "8": 0.25610995292663574,
      "10": 0.7581491470336914,
      "12": 3.2118730545043945,
      "14": "TIMEOUT"
    },
    "10_diversity": {
      "6": 0.2210369110107422,
      "8": 0.28092288970947266,
      "10": 0.7839081287384033,
      "12": 70.82771182060242,
      "14": "TIMEOUT"
    },
    "11_both_advanced": {
      "6": 0.2294309139251709,
      "8": 0.3141467571258545,
      "10": 5.560695171356201,
      "12": 8.024799823760986,
      "14": "TIMEOUT"
    },
    "12_everything": {
      "6": 0.22634172439575195,
      "8": 0.2901790142059326,
      "10": 1.764660358428955,
      "12": 17.14308786392212,
      "14": "TIMEOUT"
    }
  }
}